Book,Aspect,Level,Memory,Memory Aspects,Lesson,Lessons,Lesson Aspects,Price,Language,Type,Period,Contaminated,Description
The Victory of Crowns,Edge,4,Memory: Contradiction,Edge 2 / Moon 1,Lesson: Sharps,1,Edge / Moon,2,,,Curia,5%,Erratic accounts by 'Arun' of the hunting and consumption of supposed immortals by shadowy assassins. Published in the late nineteenth century.
"The War of the Roads, 1451-1551",Edge,4,Memory: Foresight,Forge 2 / Lantern 1,Lesson: Meniscate Reflections,1,Forge / Edge,2,,,Curia,5%,"Willis-Ford describes the War of the Roads, an event in a History other than our own, in detail - from its beginnings as a martial-philosophical dispute between the Dawn and Sunset Roads of alchemy, to a war which ravaged half of Europe."
De Horis book 2,Edge,4,Memory: Foresight,Forge 2 / Lantern 1,Lesson: Disciplines of the Hammer,1,Edge / Forge,3,Latin,,Baronial,5%,In Latin. A nineteenth-century reprint (by the indefatigable Nathaniel Darcy-Evers) of a fourteenth-century Latin translation of a fourth-century work.
De Horis book 3,Edge,4,Memory: Contradiction,Edge 2 / Moon 1,Lesson: Disciplines of the Scar,1,Edge / Lantern,3,Latin,,Baronial,5%,In Latin. A nineteenth-century reprint (by the indefatigable Nathaniel Darcy-Evers) of a fourteenth-century Latin translation of a fourth-century work.
The Sun's Lament,Edge,4,Memory: Fear,Edge 1 / Scale 2,Lesson: Ragged Crossroads,1,Edge / Winter,4,,,Solar,10%,The first volume of the meditations of Abbot Thomas of the Abbey of the Black Dove.
Exorcism for Girls,Edge,6,Memory: Fear,Edge 1 / Scale 2,Lesson: Sickle & Eclipse,1,Edge / Moon,2,,,Curia,5%,"Simple but forceful techniques for 'rousting unbefitting spirits', written in straightforward and colourful language."
The High Traditions of the Noble Endeavour,Edge,6,Memory: Foresight,Forge 2 / Lantern 1,Lesson: Disciplines of the Hammer,1,Edge / Forge,3,Latin,,Baronial,5%,"A blandly positive work on the Endeavour Club, published by the Endeavour Club. The Club was founded in 1862 but claims to draw from much older traditions."
De Bellis Murorum,Edge,6,Memory: Contradiction,Edge 2 / Moon 1,Lesson: Disciplines of the Scar,1,Edge / Lantern,5,Latin,,Dawn,20%,An eighteenth-century epic poem by the pseudonymous 'Solipsistos'.
THE OPEN HEAD,Edge,8,Memory: Revelation,Lantern 2,Lesson: Disciplines of the Scar,2,Edge / Lantern,1,Hyksos,Film,Nocturnal,2%,"Ilse Bischoff's hallucinatory quasi-documentary, notionally about the Greco-Turkish War of the previous decade."
The Leonine Tantra,Edge,8,Memory: Fear,Edge 1 / Scale 2,Lesson: Edicts Martial,2,Moon / Edge,2,Sanskrit,Scroll,Curia,5%,"In the most notorious translation of the Leonine Tantra, Ashley Phillips is listed as the translator, but their existence is explicitly denied in the prologue. This confusion is characteristic of books which mention the Great Hooded Princes."
As The Sun His Course,Edge,8,Memory: Contradiction,Edge 2 / Moon 1,Lesson: Sickle & Eclipse,2,Edge / Moon,5,Aramaic,,Dawn,20%,"Joel of the Bridge, a retired soldier and sometime tollkeeper, wrote this epic poem about Alexander's famously inexplicable decision at Issus to withdraw from the war with the Achaemenids, and his subsequent return to Macedonia."
The Iron Book,Edge,8,Memory: Foresight,Forge 2 / Lantern 1,Lesson: Disciplines of the Hammer,2,Edge / Forge,5,Fucine,,Dawn,20%,"A manual of the Ordo Limiae, an order of quasi-immortals who maintained a secret enclave at the source of the river Limia, in the Roman province of Hispania Gallaecia. This manual was compiled by one Melerai Yivni, who claims to have travelled to join the Ordo from 'the Crossroads of the Waters'."
Seven Shards,Edge,10,Memory: Hindsight,Scale 1 / Winter 2,Lesson: Disciplines of the Hammer,2,Edge / Forge,4,,,Solar,10%,"The Lionsmith, one of the two great Hours of struggle, broke his sword into seven shards. Natalia Brulleau, fifth Librarian of Hush House, describes the nature of each of those shards, allegorically and otherwise."
The Ascendant,Edge,10,Memory: Contradiction,Edge 2 / Moon 1,Lesson: Edicts Martial,2,Moon / Edge,4,Hyksos,,Solar,10%,The Edge-long Dardesh boasts of her victories over her brother-enemy Tareg in the days of the Shadowless Empire.
A Child's Treasury of Golden Afternoons,Edge,10,Numen: Merciless Alteration,Edge 5 / Forge 5 / Grail 5,Lesson: Sharps,2,Edge / Moon,8,Hyksos,,Unknown,0%,"Once upon a time, a very bad man encoded very bad secrets into the charming illustrations of a book of charming stories. Wake the pictures, and you will see. [This book houses a <i>numen</i> - a truth so powerful it can perhaps believe itself.]"
The Sky in the Scar,Edge,10,Numen: Back Into Balance,Heart 5 / Sky 5 / Winter 5,Lesson: Sickle & Eclipse,2,Edge / Moon,8,Sabazine,,Unknown,0%,Gnomic exhortations that might be described as 'emergency procedures' for the return of the travelling kinds of the Carapace Cross. [This book houses a <i>numen</i> - a truth so powerful it can perhaps believe itself.]
The Book of Thrones,Edge,12,Memory: Contradiction,Edge 2 / Moon 1,Lesson: Auroral Contemplations,2,Lantern / Edge,2,Phrygian,,Curia,5%,"A legend of the Shadowless Empire, transcribed by Alexander Peterhans from annals at a secret shrine in Anatolia."
The Deeds of the Scarred Captain,Edge,12,Memory: Fear,Edge 1 / Scale 2,Lesson: Sharps,2,Edge / Moon,4,Greek,,Solar,10%,"Painstakingly assembled by the soldier of fortune and sometime remittance man, Pavel Shulga, during his years in Greece."
Book of True Blood,Edge,14,Memory: Fear,Edge 1 / Scale 2,Lesson: Meniscate Reflections,2,Forge / Edge,4,Latin,,Solar,10%,"Cassius the Thoman reveals the deeds of the Unnumbered Legion, the secret army that protected Rome against the Shadowless Empire."
How the End will Begin,Edge,14,Memory: Fear,Edge 1 / Scale 2,Lesson: Ragged Crossroads,2,Edge / Winter,5,Vak,,Dawn,20%,"A prophecy of the Wars of the Roads, recorded in the Subcontinent in the days before the Great Hooded Princes."
The Sevenfold Slaying of the Seven-Coiled,Edge,16,Memory: Fear,Edge 1 / Scale 2,Lesson: Disciplines of the Scar,3,Edge / Lantern,5,Fucine,,Dawn,20%,"An account of the destruction of a primaeval Hour, a god-who-was-Stone."
The Wound-Wounds,Edge,18,Memory: Regret,Forge 1 / Winter 2,Lesson: Disciplines of the Scar,3,Edge / Lantern,2,Killasimi,,Curia,5%,"A history of a hundred wars', sewn into a design of metallic threads that pursues itself across every page..."
Vinzant's Minglings,Forge,4,Memory: Foresight,Forge 2 / Lantern 1,Lesson: Bells & Brazieries,1,Forge / Sky,3,,,Baronial,5%,"The metallurgist and 'sky-smith' Everett Vinzant speaks of 'the sacred alloys', 'the alloys eternal', 'the alloys sufficient', 'the alloys intendant'�"
Sunset Passages,Forge,4,Memory: Revelation,Lantern 2,Lesson: Sacra Solis Invicti,1,Lantern / Sky,5,Latin,,Dawn,20%,"A miscellany of the funerary prayers, ceremonies and hymns of the Church of the Unconquered Sun, which was ascendant in the Third and Fourth Histories. It schismed during the Intercalate, when the Sun was divided, and has not survived as a significant force."
The Book of Cinders,Forge,6,Memory: Foresight,Forge 2 / Lantern 1,Lesson: Pyroglyphics,1,Forge / Lantern,2,,,Curia,5%,"Ostensibly an eighteenth-century fireworks manual, but with some exotic ingredient choices and a substantial section on 'teframancy', divination from ashes."
Journal of Walter Dewulf,Forge,6,Memory: Foresight,Forge 2 / Lantern 1,Lesson: Door & Wall,1,Knock / Forge,3,,,Baronial,5%,"Walter Dewulf, 3rd Baron Brancrug, was grandson of Thomas, son of the disgraced Giles, who eloped with 'Pale Hafren'. The Dewulf line might have ended here if the Seneschale Ernestine - by then over eighty - had not managed to reconcile Thomas with a dying Giles."
On Matthias and the Amethyst Imago: Transformation,Forge,6,Memory: Impulse,Moth 2 / Nectar 1,Lesson: Spices & Savours,1,Nectar / Forge,5,Aramaic,,Dawn,20%,An account of an occult romance. A certain Iyavogos claims to have written this in a single night as part of his initiation into the Aleppine branch of the House of Lethe - that order of immortals who would not pledge themselves to any Hour.
The Vinzant Inscriptions,Forge,6,Memory: Foresight,Forge 2 / Lantern 1,Lesson: Transformations & Liberations,1,Forge / Moth,5,Phrygian,,Dawn,20%,"Everett Vinzant transcribed these from a cliff in Anatolia, where he famously survived a lightning-strike. He died seven years later to the day. His bones, the legend has it, were hot to the touch."
The Incandescent Tantra,Forge,8,Memory: Foresight,Forge 2 / Lantern 1,Lesson: Transformations & Liberations,2,Forge / Moth,2,Sanskrit,Scroll,Curia,5%,"Michael Blockley, the eccentric iron magnate, was fond of quoting from this tantra. Blockley died in a factory fire."
Old Coppernose and the Softer Metal,Forge,8,Memory: Foresight,Forge 2 / Lantern 1,Lesson: Bells & Brazieries,2,Forge / Sky,2,,,Curia,5%,A disgraceful compendium of ribald poetry about the habits and corruptions of Henry VIII.
Ambrosial!,Forge,8,Memory: Impulse,Moth 2 / Nectar 1,Lesson: Spices & Savours,2,Nectar / Forge,2,,,Curia,5%,"Ambrose Westcott's inventive - one might say pioneering, or indeed buccaneering - essays into kitchencraft."
The Amalgam of the Red Rose,Forge,8,Memory: Foresight,Forge 2 / Lantern 1,Lesson: Meniscate Reflections,2,Forge / Edge,2,,,Curia,5%,"An account by 'Mistress Red-Flower' of the alchemical operations favoured by the House of Lancaster, also identified with the 'Sunset Road'. These operations ultimately led to their victory in the War of the Roads, but are described as 'now debased'."
A Shape in Smoke,Forge,8,Memory: Revelation,Lantern 2,Lesson: Pyroglyphics,2,Forge / Lantern,3,,,Baronial,5%,Ambrose Westcott's exposition on tobacco-blending and 'the Oracles of the Pipe.'
The Admonitory Automata Project,Forge,10,Memory: Foresight,Forge 2 / Lantern 1,Lesson: Lockworks & Clockworks,2,Knock / Sky,1,,Film,Nocturnal,2%,Footage of experimental devices under development in the Cucurbit under Governor Collers' supervision.
Glimmerings,Forge,10,Bittersweet Certainty,Lantern 1 / Winter 2,Lesson: Sights & Sensations,2,Sky / Winter,1,,,Nocturnal,2%,An anonymous prison diary written by a dreamer convicted of 'oneiric irresponsibility' and confined to the Cucurbit.
The Temptations of Architecture,Forge,10,Secret Threshold,Knock 2 / Rose 1,Lesson: Door & Wall,2,Knock / Forge,2,,,Curia,5%,"The antiquarian and nyctodromist Ambrose Westcott writes of the 'dangers of doors', with particular reference to a house in the bounds named 'Treowen'."
Skin of Silver,Forge,10,Memory: Fear,Edge 1 / Scale 2,Lesson: Disciplines of the Hammer,2,Edge / Forge,5,Mandaic,,Dawn,20%,The epic of the final battle of the Lionsmith with the remnant-giant Antaios.
Amiranis Beteli,Forge,10,Numen: the Bells of Ys,Edge 5 / Forge 5 / Rose 5,Lesson: Bells & Brazieries,2,Forge / Sky,8,Fucine,Tablet,Unknown,0%,A fragment of iron-alloy meteorite carefully inscribed and polished. [This object houses a <i>numen</i> - a truth so powerful it can perhaps believe itself.]
The Carmine Petal: Revised,Forge,12,Memory: Foresight,Forge 2 / Lantern 1,Lesson: Disciplines of the Hammer,2,Edge / Forge,3,,,Baronial,5%,An apparently theoretical project proposed by 'Lionel' of the Society of the Noble Endeavour which might permit the imprisonment of a renegade Forge-Name. A very heavily revised edition of an earlier and even more controversial work.
The Book of Dissolution,Forge,12,Memory: Foresight,Forge 2 / Lantern 1,Lesson: Transformations & Liberations,2,Forge / Moth,5,Mandaic,,Dawn,20%,"Alexander Probst recovered a copy of this work from a mountain-temple in Persia. Other copies surface now and then, usually seared on rock."
The Manner in which the Alchemist was Spared,Forge,14,Memory: Foresight,Forge 2 / Lantern 1,Lesson: Anbary & Lapidary,2,Sky / Forge,2,Vak,,Curia,5%,"In 1782, Ana�l Verdier used this text as the basis for a presentation to the Academy of Sciences in Paris. He was executed in secret the following morning without trial."
A Descent of the Shell,Forge,14,Memory: Foresight,Forge 2 / Lantern 1,Lesson: Purifications & Exaltations,2,Sky / Lantern,4,,,Solar,10%,"A treatise on eggs, light, and optics by Abbess Melancthe, dazzlingly illuminated with renderings of the Abbess' visions."
The Burning Woman,Forge,14,Memory: Foresight,Forge 2 / Lantern 1,Lesson: Transformations & Liberations,2,Forge / Moth,5,Phrygian,,Dawn,20%,"A transcription of the play by Menander the Victor, possibly the dramatist of that name, into Phrygian, with commentaries."
"My Deeds, My Powers, My Achievements and the Injustices Perpetrated Against Me",Forge,16,Memory: Foresight,Forge 2 / Lantern 1,Lesson: Transformations & Liberations,3,Forge / Moth,4,Mandaic,,Solar,10%,"A diatribe by Hokobald of Pocsind, formerly of the order of immortals called the House of Lethe (later the Ordo Limiae; much latter the Obliviates). He has scores to settle."
The Messenger Awaiting Her Destination,Forge,16,Memory: Pattern,Forge 1 / Knock 2,Lesson: Door & Wall,3,Knock / Forge,5,Vak,,Dawn,20%,"The Limian Burzghash records his prophecies of a City Unbuilt, and entreaties to its Herald."
The Carmine Petal: Unexpurgated,Forge,18,Memory: Foresight,Forge 2 / Lantern 1,Lesson: Disciplines of the Hammer,3,Edge / Forge,3,,,Baronial,5%,"A project proposed by 'Lionel' of the Society of the Noble Endeavour by which, he claims, he succeeded in creating a sanctuary for a fugitive Forge-Name. The unexpurgated version."
The Skeleton Songs,Grail,4,Beguiling Melody,Grail 2 / Sky 2,Lesson: Resurgences & Emergences,1,Moth / Grail,1,,,Nocturnal,2%,"Poems of greedy delight composed by the possibly pseudonymous Arabella Dusk, the rumoured heiress-turned-madam-turned-poetess."
The Orchid Transfigurations: a Feast,Grail,4,Memory: Intuition,Moon 2 / Rose 2,Lesson: Desires & Dissolutions,1,Grail / Moon,3,Latin,,Baronial,5%,"A compilation of quasi-Rosicrucian allegories, supposedly by Robert Fludd. This is in the original Latin."
The Tripled Heart,Grail,4,Memory: Intuition,Moon 2 / Rose 2,Lesson: Tridesma Hiera,1,Moon / Grail,4,Henavek,,Solar,10%,Sacred poems composed in honour of the Hours venerated by the Sisterhood of the Triple Knot.
The Wind's Ruin,Grail,4,Beguiling Melody,Grail 2 / Sky 2,Lesson: Applebright Euphonies,1,Sky / Grail,4,,,Solar,10%,The second volume of the meditations of Abbot Thomas of the Abbey of the Black Dove.
COLOURS IN THE LIVER,Grail,6,Memory: Revelation,Lantern 2,Lesson: Resurgences & Emergences,1,Moth / Grail,1,,Film,Nocturnal,2%,"Ilse Bischoff's most controversial film, blamed for outbreaks of cannibalistic killings in Tiflis and Leipzig."
The Devoured Tantra,Grail,6,Confounding Parable,Moon 2 / Rose 2 / Sky 2,Lesson: Applebright Euphonies,1,Sky / Grail,2,Sanskrit,,Curia,5%,"The diplomat-priest Stanislav John Schaller transcribed this from the library of a Red Long, but his manuscript remains in a private collection in Kerisham."
An Impertinent Vitulation,Grail,6,Memory: Satisfaction,Grail 2 / Heart 1,Lesson: Leaves & Thorns,1,Nectar / Grail,3,,,Baronial,5%,"A book of kitchen-garden techniques and aphrodisiac recipes recorded by Ernestine Peterhans, the 'Iron Seneschale' of Hush House for three generations of Dewulfs."
On Matthias and the Amethyst Imago: Pursuit,Grail,6,Memory: Gossip,Grail 1 / Rose 2,Lesson: Desires & Dissolutions,1,Grail / Moon,5,Aramaic,,Dawn,20%,An account of an occult romance. A certain Mek claims to have written this in a single night as part of his initiation into the Theban branch of the House of Lethe - that order of immortals who used the arts of water to conceal themselves.
The Intimations of Skin,Grail,8,Beguiling Melody,Grail 2 / Sky 2,Lesson: Desires & Dissolutions,2,Grail / Moon,1,,,Nocturnal,2%,"Fiendishly complex, weirdly distorted illustrations of 'congress and anatomy' by the haunted visionary painter Niels Frederik Malsk�r."
Snare of the Tree: Collected Proverbs of Aunt Mopsy,Grail,8,Confounding Parable,Moon 2 / Rose 2 / Sky 2,Lesson: Applebright Euphonies,2,Sky / Grail,1,,,Nocturnal,2%,"Once in the Wood, we call a visit. Twice in the Wood, we call a journey. Thrice, we call coming home.'"
The Thirsting Tantra,Grail,8,Memory: Satisfaction,Grail 2 / Heart 1,Lesson: Orchids & Narcotics,2,Grail / Nectar,2,Sanskrit,Scroll,Curia,5%,"C.G. Burial, the temperance campaigner, published elements of this in a pamphlet, which had to be withdrawn and destroyed after it became popular"
The Orchid Transfigurations: a Birth,Grail,8,Memory: Satisfaction,Grail 2 / Heart 1,Lesson: Resurgences & Emergences,2,Moth / Grail,3,Latin,,Baronial,5%,"The second volume of a compilation of quasi-Rosicrucian allegories, supposedly by Robert Fludd. This is in the original Latin."
Calicite Supplications,Grail,8,Memory: Satisfaction,Grail 2 / Heart 1,Lesson: Tridesma Hiera,2,Moon / Grail,4,Greek,,Solar,10%,Prayers addressed to the Red Grail by the Sisterhood of the Triple Knot.
The Geminiad ii,Grail,10,Memory: Satisfaction,Grail 2 / Heart 1,Lesson: Pentiments & Precursors,2,Scale / Grail,2,Fucine,,Curia,5%,"A fragile manuscript, illuminated with twinned shapes of sad and luminous beauty, and with all the phases of the moon. It might be as old as the seventh century, but the language - Fucine - is much older. The cover is a dark and exotic leather with a smooth, almost chitinous surface, decorated with jasper."
"On Thirstlies, Ivories and Lovelies",Grail,10,Memory: Impulse,Moth 2 / Nectar 1,Lesson: Resurgences & Emergences,2,Moth / Grail,2,,,Curia,5%,"Fionna Ayrshire recounts her visits in dreams to the 'Red Church' in the Mansus, and her conversations with the Names of the Grail."
The Rose of Nuriel,Grail,10,Memory: Satisfaction,Grail 2 / Heart 1,Lesson: The Great Signs and the Great Scars,2,Grail / Knock,4,Greek,,Solar,10%,"A volume of collected teachings of the Sisterhood of the Knot, that arcane-contemplative order that existed in all histories, but in some was very powerful indeed. This was recorded by 'Nuriel', and dedicated to St Tryphon."
A Journey to the Grove,Grail,10,Memory: Satisfaction,Grail 2 / Heart 1,Lesson: Orchids & Narcotics,2,Grail / Nectar,4,,,Solar,10%,"Black Elie, who much later became Damascene Matriarch of the Sisterhood of the Knot, recounts her journey to the Grove of Green Immortals."
The Wonderful Shape,Grail,10,Memory: Satisfaction,Grail 2 / Heart 1,Lesson: Tridesma Hiera,2,Moon / Grail,5,Killasimi,,Nocturnal,2%,"Blessings and invocations of the Triple Knot recorded at a sanctuary in Cyprus notable for its weavers, sculptors, and gardeners."
The Sun Disfigured,Grail,10,Numen: the Sun's Weakness,Grail 5 / Lantern 5 / Moth 5,Lesson: Applebright Euphonies,2,Sky / Grail,8,Cracktrack,Scroll,Unknown,0%,"A scroll of anthropoderm parchment, written in the golden ink called Uzult. [This book houses a <i>numen</i> - a truth so powerful it can perhaps believe itself.]"
A Catalogue of Uncharted Pleasures,Grail,12,Memory: Satisfaction,Grail 2 / Heart 1,Lesson: Orchids & Narcotics,2,Grail / Nectar,5,Phrygian,,Dawn,20%,"The Dark Gentleman' is the only, and rather grandiosely, identified author of this often-copied work."
One Thousand Threads,Grail,12,Memory: Fear,Edge 1 / Scale 2,Lesson: Tridesma Hiera,2,Moon / Grail,5,Killasimi,,Dawn,20%,"The fate-supplications of the Matriarch of the Well, recorded by in darkness by her weavers and her daughters�"
"Twenty-Six Enticements, Seven Torments",Grail,14,Memory: Impulse,Moth 2 / Nectar 1,Lesson: Resurgences & Emergences,2,Moth / Grail,1,Fucine,,Nocturnal,2%,"The painter Niels Frederik Malsk�r, notoriously, attempted a series of paintings based on the Torments. By the Fifth Torment, the demands of the painting had grown so dire that he died of blood loss. The diagrams in this text are thankfully less detailed."
The Dream of the Conspiracy of the Lower Skies,Grail,16,Memory: Gossip,Grail 1 / Rose 2,Lesson: The Great Signs and the Great Scars,3,Grail / Knock,5,Phrygian,,Dawn,20%,"The disgraced oracle Damaon Azenaten sifts through the tall tales of Penelope of Gordion, the work of the court poet Kalle and the forbidden fragments of the work of the adept Arrettrez, indentifying common themes."
Medusan Commentaries,Grail,21,Memory: Fear,Edge 1 / Scale 2,Lesson: Pentiments & Precursors,3,Scale / Grail,3,Killasimi,Infinite,Baronial,5%,Haustorial discussions of Medusa's histories.
Apollo and Marsyas,Heart,4,Memory: Storm,Heart 2 / Sky 2,Lesson: Surgeries & Exsanguinations,1,Heart / Knock,2,,,Curia,5%,"The libretto of a lost opera concerning the contest between Apollo and Marsyas, and its tragic outcome. The librettist is identified only by their initials."
The Orchid Transfigurations: Noon,Heart,4,Memory: Solace,Heart 2 / Sky 1,Lesson: Maggephene Mysteries,1,Moon / Heart,2,Latin,,Curia,5%,"The third volume of a compilation of quasi-Rosicrucian allegories, supposedly by Robert Fludd. This is in the original Latin."
A True and Complete Accounting of the Asclepian Mysteries of the Roots of the House,Heart,4,Memory: Impulse,Moth 2 / Nectar 1,Lesson: Weaving & Knotworking,1,Heart / Moth,2,Greek,,Curia,5%,"Descriptions of the 'Asclepian Mysteries', reproduced by one 'Rylee Grese' from - supposedly - a much older text. It's unlikely to be genuine, but it makes a reference to 'The House without Walls and its Wood' right there in the prologue."
The Other Line,Heart,4,Confounding Parable,Moon 2 / Rose 2 / Sky 2,Lesson: Preliminal Meter,1,Knock / Rose,3,,,Baronial,5%,"One of Samuel Savage's more thoughtful works: an allegorical play about the City Clarity, a city that is also a book, and the sentences which inhabit it."
Velletri Interviews,Heart,6,Memory: A Stolen Secret,Knock 1 / Moon 2,Lesson: Edicts Inviolable,1,Heart / Moon,1,,Record,Baronial,5%,"Interrogation of a man named Lacombe, a former Nocturnal Branch inspector now identified as 'terminally robigoid'."
The Ceaseless Tantra,Heart,6,Memory: Impulse,Moth 2 / Nectar 1,Lesson: Weaving & Knotworking,1,Heart / Moth,2,Sanskrit,,Curia,5%,The avant-garde choreographer Nicholas Keirle supposedly incorporated this Tantra into his menacing ballets.
"Two Wombs, One Heart",Heart,8,Memory: Satisfaction,Grail 2 / Heart 1,Lesson: Stitching & Binding,2,Sky / Heart,2,Killasimi,,Curia,5%,"A fanciful account by Thirza Blake of the early life of the Twins - their time as mortals before they became Hours or even Long, in a 'dry kingdom beyond the Western Sea' which Thirza suggests might have been ancient Mexico."
The Flayed Tantra,Heart,8,Memory: Storm,Heart 2 / Sky 2,Lesson: Maggephene Mysteries,2,Moon / Heart,2,Sanskrit,Scroll,Curia,5%,"This Tantra is recorded as being spoken by an enigmatic individual identified as 'Peel', with many of the qualities of the mythological naga. The Flayed Tantra played a notable part in Alexander Sparrow's paranoid pamphleteering."
Warming Draughts to Uplift the Heart,Heart,8,Memory: Impulse,Moth 2 / Nectar 1,Lesson: Herbs & Infusions,2,Heart / Nectar,2,Greek,,Curia,5%,A wonderful compendium of healing tisanes compiled by Natan of Regensburg.
Rapt in the King,Heart,8,Earth-Sign,Nectar 2 / Scale 2,Lesson: Drums & Dances,2,Heart / Nectar,3,,,Baronial,5%,"Detailed accounts of secret bacchanals and ecstatic dances observed in necropolises and graveyards in Southern Europe, in Egypt and in Anatolia. The author is a self-confessed ghoul, an eater of buried flesh: he claims to have witnessed the dances while at his feasting."
The Geminiad i,Heart,10,Memory: Solace,Heart 2 / Sky 1,Lesson: Weaving & Knotworking,2,Heart / Moth,2,Fucine,,Curia,5%,"A fragile manuscript, illuminated with twinned shapes of sad and luminous beauty, and with all the phases of the moon. It might be as old as the seventh century, but the language - Fucine - is much older. The cover is tooled goatskin decorated with garnet."
Notes on Bindings,Heart,10,Memory: Solace,Heart 2 / Sky 1,Lesson: Stitching & Binding,2,Sky / Heart,3,,,Baronial,5%,"Gideon Dewulf, 5th Baron Brancrug, discusses techniques shared between medical suturing, tailoring, and - carefully, allusively - the binding of restless spirits."
The Instruments of the Heart,Heart,10,Cheerful Ditty,Heart 2 / Sky 1,Lesson: Drums & Dances,2,Heart / Nectar,4,,,Solar,10%,"Sister Isabel, then Precentress of the Abbey-Church of St Brandan's, engages in dialogues with a Heart-long of a kind called 'duendrazon' that has taken partial possession of her body."
Lake Fucino Recordings,Heart,12,Beguiling Melody,Grail 2 / Sky 2,Lesson: Drums & Dances,2,Heart / Nectar,1,,Record,Nocturnal,2%,Recordings of the folk-dances of the Fucine Marshes.
Those Who Do Not Sleep,Heart,12,Memory: Storm,Heart 2 / Sky 2,Lesson: Surgeries & Exsanguinations,2,Heart / Knock,5,Fucine,,Dawn,20%,"The mystic Brodnax discusses the origins of the Sister-and-Witch, and of the Thunderskin."
Commandments For the Preservation of All That Exists,Heart,14,Memory: Satisfaction,Grail 2 / Heart 1,Lesson: Stitching & Binding,2,Sky / Heart,4,Mandaic,,Solar,10%,"Black Elie, Damascene Matriarch of the Sisterhood of the Knot, was imprisoned by the emperor Didius Julianus. She reportedly instructed that these secret doctrines be recorded in writing to preserve against their loss. Regrettably, the story goes, Didius Julianus ordered that the work be entombed with her in an unmarked sepulcher."
The Time of Division,Heart,14,Memory: Pattern,Forge 1 / Knock 2,Lesson: Surgeries & Exsanguinations,2,Heart / Knock,5,Mandaic,,Dawn,20%,"In which Amira Zahra prophesies the events later known as the Intercalate, when the Hour called Sun-in-Splendour will be divided."
Nyn's Cages (Avignon Text),Heart,16,Memory: Hindsight,Scale 1 / Winter 2,Lesson: Quenchings & Quellings,3,Winter / Heart,4,Ericapaean,,Solar,10%,The 'merciful measures' of the witch Nyn.
The Book of the Extinguished Heart,Heart,16,Bittersweet Certainty,Lantern 1 / Winter 2,Lesson: Quenchings & Quellings,3,Winter / Heart,5,Mandaic,,Dawn,20%,"In the days of the Shadowless Kings, Ennis Lazali was executed for prophesying the Division of the Sun. If any of his captors grew Long, they probably feel rather abashed now."
"Travelling at Night, vol 1",Knock,4,Memory: Impulse,Moth 2 / Nectar 1,Lesson: Edicts Liminal,1,Moth / Knock,1,,,Nocturnal,2%,"The annotated dream-journals of Christopher Illopoly, sometimes called 'the only readable occultist': literate, entertaining, bewildering."
"Travelling at Night, vol 3",Knock,4,Memory: Pattern,Forge 1 / Knock 2,Lesson: Door & Wall,1,Knock / Forge,1,,,Nocturnal,2%,"The annotated dream-journals of Christopher Illopoly, sometimes called 'the only readable occultist': literate, entertaining, bewildering."
The Treatise on Underplaces,Knock,4,Memory: Fear,Edge 1 / Scale 2,Lesson: Horns & Ivories,1,Scale / Knock,3,,,Baronial,5%,"Herein, the seventeenth-century mystic and antiquarian Claude Hersault describes the 'Bounds' or 'Underplaces' on the borders of dream. He warns that they shift over time."
Advice on Containment,Knock,4,Memory: Pattern,Forge 1 / Knock 2,Lesson: Glassblowing & Vesselcrafting,1,Knock / Sky,3,,,Baronial,5%,"Thirza Blake discusses ways 'to keep Wood-things out of trouble, and Mansus-things in it.'"
The Raptures of Forculus,Knock,4,Memory: Pattern,Forge 1 / Knock 2,Lesson: The Great Signs and the Great Scars,1,Grail / Knock,4,Latin,,Solar,10%,The first volume of Abbot Geffrey's hypothetical theological debates in the Socratic mode.
The Locksmith's Dream: Trespasses,Knock,6,Memory: Impulse,Moth 2 / Nectar 1,Lesson: Edicts Liminal,1,Moth / Knock,1,,,Nocturnal,2%,The third volume of Teresa Galmier's examination of parallels in the mystic dreams of artisans.
By Their Marks Shall Ye Know them,Knock,6,Memory: Pattern,Forge 1 / Knock 2,Lesson: Surgeries & Exsanguinations,1,Heart / Knock,2,,,Curia,5%,"A monster-hunting initiate of the Hour named the Colonel, who identifies herself as 'Little Sophia', provides advice on finding the weak spots of Long."
The Elations of Limentinus,Knock,6,Memory: Pattern,Forge 1 / Knock 2,Lesson: The Great Signs and the Great Scars,1,Grail / Knock,4,Latin,,Solar,10%,The second volume of Abbot Geffrey's hypothetical theological debates in the Socratic mode.
The Twin-Serpent Tantra,Knock,8,Memory: Pattern,Forge 1 / Knock 2,Lesson: Edicts Liminal,2,Moth / Knock,1,Sanskrit,,Nocturnal,2%,"Just before the outbreak of the Great War, 'Alexander Sparrow' - almost certainly a pseudonym - published leaflets claiming the influence of 'Snake Princes' on world affairs. The text called the Twin-Serpent Tantra was his primary inspiration."
On the Winding Stair,Knock,8,Memory: Pattern,Forge 1 / Knock 2,Lesson: Door & Wall,2,Knock / Forge,2,Ramsund,,Curia,5%,"Gregory Wheelock, the master mason and architect employed by Walter Dewulf to construct the Winding Stair and the guest chambers in Hush House, describes a more ambitious and dangerous project."
Cardea's Delights,Knock,8,Memory: Pattern,Forge 1 / Knock 2,Lesson: The Great Signs and the Great Scars,2,Grail / Knock,4,Latin,,Solar,10%,The third volume of Abbot Geffrey's hypothetical theological dialogues in the Socratic mode.
The Gospel of Zacchaeus,Knock,8,Memory: A Stolen Secret,Knock 1 / Moon 2,Lesson: Horns & Ivories,2,Scale / Knock,4,Greek,,Solar,10%,"An extremely heterodox account of the Nazarene Messiah and his works, describing his ascension to the Mansus through the opening of his body."
An Almanac of Entrances,Knock,10,Secret Threshold,Knock 2 / Rose 1,Lesson: Edicts Liminal,2,Moth / Knock,2,,,Curia,5%,"A handbook of sealed and unsealed byways and shortcuts through the Bounds, compiled by Willem Harries in the 1860s - during his term as Librarian of Hush House."
On Imperfections,Knock,10,Memory: Pattern,Forge 1 / Knock 2,Lesson: Glassblowing & Vesselcrafting,2,Knock / Sky,3,,,Baronial,5%,"Poemander, light-smith and Lantern-long, describes the process of 'transinhabitation', which he calls 'a manifestation of imperfection.'"
Towards a Fundamental Aesthetic,Knock,10,Numen: Inescapable Confinement,Knock 5 / Scale 5 / Winter 5,Lesson: Glassblowing & Vesselcrafting,2,Knock / Sky,8,Ericapaean,,Unknown,0%,"Or, 'The House of Glass'. Julian Coseley considered this his masterwork. [This book houses a <i>numen</i> - a truth so powerful it can perhaps believe itself.]"
On the Matter and the Deeds of Serpents,Knock,12,Secret Threshold,Knock 2 / Rose 1,Lesson: Edicts Liminal,2,Moth / Knock,2,Vak,,Curia,5%,"This was probably the 'prophecies of the naga' rendered into English, and illustrated, by 'William Midnight' in Paris in the 1880s; but it shows a number of divergences from that text. It's certainly quite recent by the standards of Vak texts."
OGHKOR OGHKOR TISSILAK OGHKOR,Knock,12,Memory: Pattern,Forge 1 / Knock 2,Lesson: The Great Signs and the Great Scars,2,Grail / Knock,3,,,Dawn,20%,A surprisingly chatty text by an entity that identifies itself as 'the Excellency Gnathobasis'.
The Grand Passage of the Hours,Knock,12,Memory: Pattern,Forge 1 / Knock 2,Lesson: Door & Wall,2,Knock / Forge,5,Vak,,Dawn,20%,"The Limian Burzghash's gazetteer of the patterns and rhythms of the Hours' progress through the Mansus, from Concursum to Malleary, Malleary to Wood�"
Deaths and their Evasions,Knock,14,Memory: A Stolen Secret,Knock 1 / Moon 2,Lesson: Edicts Liminal,2,Moth / Knock,3,Fucine,,Baronial,5%,"Father Stanislav John Schaller writes of the means and limitation of passage between the orders of the Mansus - Know, Long, Names, Hours. Unusually, Father John has written this book in Fucine - for, he says, especial secrecy."
A Manual for Departure,Knock,14,Secret Threshold,Knock 2 / Rose 1,Lesson: Door & Wall,2,Knock / Forge,5,Vak,,Dawn,20%,"The author, who identifies itself as the Jekadu, claims to be one of the Great Hooded Princes of the Land of the River. The style is informal, even chatty."
A Tower Falls,Knock,16,Confounding Parable,Moon 2 / Rose 2 / Sky 2,Lesson: Preliminal Meter,3,Knock / Rose,1,Vak,Record,Nocturnal,2%,The phonograph is packaged in glossy amethyst purple card with the words A TOWER FALLS in nine languages on both sides. There is no other identifying information at all.
The Road to Janus,Knock,18,Memory: Pattern,Forge 1 / Knock 2,Lesson: Door & Wall,3,Knock / Forge,5,Vak,,Dawn,20%,"The Limian Burzghash makes a series of prophecies regarding 'the Initiates of the House of Silence', with intricate, if unhelpful, predictions on their passage through the House."
Xenodicene Odes,Knock,21,Confounding Parable,Moon 2 / Rose 2 / Sky 2,Lesson: Preliminal Meter,3,Knock / Rose,5,Vak,Infinite,Dawn,20%,"Poetry attributed to Xenodice, Name of the Horned-Axe."
The Locksmith's Dream: a Light through the Keyhole,Lantern,4,Memory: Revelation,Lantern 2,Lesson: Purifications & Exaltations,1,Sky / Lantern,1,,,Nocturnal,2%,The first volume of Teresa Galmier's examination of parallels in the mystic dreams of artisans.
Bancroft Diaries,Lantern,4,Memory: Foresight,Forge 2 / Lantern 1,Lesson: Pyroglyphics,1,Forge / Lantern,2,Latin,,Curia,5%,"Lord Franklin Bancroft was initiated into the arts of the Flowermaker by the 'rose-witch' Fionna Ayrshire. He rose to become a Society provider of occult services and secret pleasures, before his abrupt disappearance in 1790."
In the Malleary,Lantern,4,Memory: Foresight,Forge 2 / Lantern 1,Lesson: Anbary & Lapidary,1,Sky / Forge,3,,,Baronial,5%,A lively account of the creation of each jewel at the world's beginning.
Sunrise Awakenings,Lantern,4,Memory: Revelation,Lantern 2,Lesson: Auroral Contemplations,1,Lantern / Edge,3,,,Baronial,5%,"An uncharacteristically poignant meditation by the Edge-long Twrog of Meirionnydd, who later came to Hush House under a variety of other names, often in search of some sort of fight."
The Locksmith's Dream: Incursus,Lantern,6,Confounding Parable,Moon 2 / Rose 2 / Sky 2,Lesson: Glaziery & Lightsmithing,1,Lantern / Sky,1,,,Nocturnal,2%,"The fifth (and final?) volume of Teresa Galmier's notorious work, which began as an examination of parallels in the mystic dreams of artisans but became an account of her own occult journey. This volume was never published nor, apparently, even written."
The Known-Unknown Tantra,Lantern,6,Memory: Revelation,Lantern 2,Lesson: Watchman's Paradoxes,1,Lantern / Sky,2,Sanskrit,,Curia,5%,"Carlos Garcia Sauri, the ecstatic mystic of the Pyrenees, was known to recite this in three languages, though he had never visited the Subcontinent."
Wainscot Histories,Lantern,6,Memory: Contradiction,Edge 2 / Moon 1,Lesson: Auroral Contemplations,1,Lantern / Edge,3,,,Baronial,5%,"Subtitled 'Stories from Behind the Walls': a miscellany of non-traditional histories, including battles not generally acknowledged and countries which appear on no map, told in a playful, apparently fictional manner."
Gospel of Nicodemus,Lantern,6,Memory: Revelation,Lantern 2,Lesson: Sacra Solis Invicti,1,Lantern / Sky,4,,,Solar,10%,An apocryphal account of the works and experiences of the Shepherd Illuminate by one of his supposed companions.
Letters To My Successor,Lantern,8,Memory: Revelation,Lantern 2,Lesson: Inks of Revelation,2,Lantern / Moth,1,,,Nocturnal,2%,"Advice from Gervinus van Lauren, eleventh Librarian of Hush House, to the one who will come after him."
The Watchful Tantra,Lantern,8,Memory: Revelation,Lantern 2,Lesson: Purifications & Exaltations,2,Sky / Lantern,2,Sanskrit,Scroll,Curia,5%,"Notorious for its involvement in the deaths of Dafyd Jones and Meredith Blaine, two early physicists who each claimed to have the only copy and who ultimately fought a duel over it in 1840"
The Rose of Waznei,Lantern,8,Memory: Revelation,Lantern 2,Lesson: Auroral Contemplations,2,Lantern / Edge,3,Greek,,Baronial,5%,"The heretical teachings of a disgraced offshoot of the Sisterhood of the Knot, that arcane-contemplative order that existed in all histories. This was recorded by 'Waznei', and dedicated to St Respicius."
Prophecies of Glory,Lantern,8,Memory: Revelation,Lantern 2,Lesson: Watchman's Paradoxes,2,Lantern / Sky,3,,,Baronial,5%,"Religious and patriotic fables collected, or composed, by William Gore."
A Light in the Inkwell,Lantern,8,Memory: Revelation,Lantern 2,Lesson: Inks of Revelation,2,Lantern / Moth,3,,,Baronial,5%,"Musgrave, fourth of the Dewulf line, writes tentatively about the 'Covenant of Brancrug' and the legacy of the sacred inks he calls 'encausta revelationia'."
The Alloy of the White Rose,Lantern,10,Memory: Revelation,Lantern 2,Lesson: Purifications & Exaltations,2,Sky / Lantern,4,,,Solar,10%,"An account by 'Mistress White-Flower' of the alchemical techniques favoured by the House of York, also identified with the 'Dawn Road'. These techniques failed to bring them victory in the War of the Roads, but are 'not to be discounted'."
Unhatched Hymns,Lantern,10,Savage Hymn,Scale 2 / Sky 2,Lesson: Sacra Solis Invicti,2,Lantern / Sky,4,Sabazine,,Solar,10%,"Hymns attributed to Saint Lucia the Eyeless, patron of glassworkers and Name of the Hour called Meniscate."
The Sun's Design,Lantern,10,Numen: the Paths of the Sun,Forge 5 / Knock 5 / Lantern 5,Lesson: Watchman's Paradoxes,2,Lantern / Sky,8,Cracktrack,Tablet,Unknown,0%,"A scorched slab of black corundum, minutely scratched on every side with intricate ideoglyphs. [This book houses a <i>numen</i> - a truth so powerful it can perhaps believe itself.]"
The Chandler's Wish,Lantern,12,Memory: Foresight,Forge 2 / Lantern 1,Lesson: Inks of Revelation,2,Lantern / Moth,2,,,Curia,5%,"Formulae and instructions invoking Moth, Lantern and - exceptionally, paradoxically - the liminal and theoretical Hour called the Chandler. The author is anonymous, admitting only that they are 'one who is not yet nameless.'"
"The Sky, the Soul",Lantern,12,Memory: Foresight,Forge 2 / Lantern 1,Lesson: Pyroglyphics,2,Forge / Lantern,5,Aramaic,,Dawn,20%,"The grand labour of Kalle, an ascetic poet writing at the court of the Shadowless Kings."
Opus Magnum Caeruleum,Lantern,14,Memory: Foresight,Forge 2 / Lantern 1,Lesson: Pyroglyphics,2,Forge / Lantern,3,,,Baronial,5%,Ambrose Westcott used to render the title of this venerable and anonymous work mockingly as 'the Big Blue Business'. A kinder translation would be 'the Great Work in Azure'.
The High Mysteries of the Innermost Chamber of our Church Solar,Lantern,14,Memory: Revelation,Lantern 2,Lesson: Sacra Solis Invicti,2,Lantern / Sky,4,Fucine,,Solar,10%,"The secret rites of the Church of the Unconquered Sun, which held power in at least two Histories."
Quirinic Meditations,Lantern,21,Memory: Contradiction,Edge 2 / Moon 1,Lesson: Auroral Contemplations,3,Lantern / Edge,4,Ericapaean,Infinite,Solar,10%,Battle-apothegms of the Name Quirinus.
What Does Not Bark,Moon,4,Memory: Storm,Heart 2 / Sky 2,Lesson: Edicts Inviolable,1,Heart / Moon,1,,,Nocturnal,2%,"Alexander Probst writes warily of 'Calyptra' - a law, principle or society which prevents the dissemination of dangerous knowledge."
An Investigation of A Foundered Country,Moon,4,Memory: A Stolen Secret,Knock 1 / Moon 2,Lesson: Hill & Hollow,1,Moon / Scale,1,,Record,Nocturnal,2%,Subtitled 'Recordings from the Atlantic Coast.'
The Viennese Conundra,Moon,4,Memory: Fear,Edge 1 / Scale 2,Lesson: Wolf Stories,1,Moon / Scale,2,,,Curia,5%,"Van Driel describes odd events in Vienna - the disappearance of children; epidemics of parasite activity; animal mutilations; nightmares of worms; the activities of a charitable organisation, the New Ligeians, that funds the burial of the poor. She proposes peculiar connections between these activities."
Collected Hush House Lectures,Moon,4,Memory: Intuition,Moon 2 / Rose 2,Lesson: Sickle & Eclipse,1,Edge / Moon,2,,,Curia,5%,"In the 1800s, Dr Arun Peel was invited to give a series of lectures to the Curia. They combine his pithy view of the Histories with his particular brand of unhelpfully ironical insight."
The Twelve Letters On Consequence,Moon,4,Memory: Regret,Forge 1 / Winter 2,Lesson: Putrefactions & Calcinations,1,Winter / Moon,2,,,Curia,5%,"Julian Coseley's epistolary treatise on 'what may come after', addressed to his once-friend Claude Hersault, the mystic and antiquarian."
A Pale Lady and a Prince of Wines,Moon,4,Memory: Salt,Knock 1 / Moon 1 / Winter 1,Lesson: Sea Stories,1,Moon / Grail,2,,,Curia,5%,"An anonymous biography of Eva Dewulf, last of the Dewulfs, focused rather salaciously on her personal troubles and intrigues."
The Moon's Egg,Moon,4,Confounding Parable,Moon 2 / Rose 2 / Sky 2,Lesson: Pearl & Tide,1,Rose / Moon,4,,,Solar,10%,The third and last volume of the meditations of Abbot Thomas of the Abbey of the Black Dove.
An Exorcist's Field Manual,Moon,6,Memory: Contradiction,Edge 2 / Moon 1,Lesson: Edicts Martial,1,Moon / Edge,1,,,Nocturnal,2%,"A practical guide to 'troublesome Dead', grounded in theory but with a clear focus on their disposal, by the redoubtable Detective-Ostiary Wheelock of the Suppression Bureau."
The Kerisham Portolan,Moon,6,Memory: Gossip,Grail 1 / Rose 2,Lesson: Sea Stories,1,Moon / Grail,2,,,Curia,5%,A beautifully illustrated and heavily annotated 'portolan' - a nautical atlas of ports and destinations.
The Sea Does Not Regret,Moon,6,Memory: Salt,Knock 1 / Moon 1 / Winter 1,Lesson: Pearl & Tide,1,Rose / Moon,2,,,Baronial,5%,"Ehsan Fekri, one-time Secretary Salvant of the Curia of the Isle - responsible for the Curia's healing efforts - writes of his experiences in Brancrug, and hints at his travels elsewhere."
Black Nephrite,Moon,6,Memory: Fear,Edge 1 / Scale 2,Lesson: Wolf Stories,1,Moon / Scale,3,,,Baronial,5%,"One of Valentine Dewulf's dream-journals, in which he records his visions of 'a place that is no place, beneath the house that is no house.'"
The World Despoil'd,Moon,6,Memory: Solace,Heart 2 / Sky 1,Lesson: Maggephene Mysteries,1,Moon / Heart,3,,,Baronial,5%,"Subtitled 'the Flowers in the Waste': a epic poem that presents a medical treatise through allegory. The author is Gideon Dewulf, 5th Baron Brancrug, sometimes unkindly called 'the Cutter'."
The Account of Kanishk at the Spider's Door,Moon,6,Memory: A Stolen Secret,Knock 1 / Moon 2,Lesson: Sharps,1,Edge / Moon,5,Aramaic,,Dawn,20%,"Lok Kahuli, Kanishk's victim and lover, wrote this account, perhaps posthumously."
The Larquebine Codex,Moon,6,Memory: Salt,Knock 1 / Moon 1 / Winter 1,Lesson: Sea Stories,1,Moon / Grail,5,Phrygian,,Dawn,20%,Christoph Larquebus claimed to have purchased two hand-written copies of the Codex from a family of witches on the shores of the Sea of Marmara. A third was 'given to the Sea'.
The Morphy Codex,Moon,6,Beguiling Melody,Grail 2 / Sky 2,Lesson: Tridesma Hiera,1,Moon / Grail,5,Aramaic,,Dawn,20%,A priestess of the Sisterhood of the Knot claims to have discerned the true meaning of the Thunderskin's birth.
EXPERIMENT BEYOND SIGHT,Moon,8,Memory: Revelation,Lantern 2,Lesson: Edicts Inviolable,2,Heart / Moon,1,,Film,Nocturnal,2%,"Ilse Bischoff's bewildering, widely derided final film."
The Crossing to Noon,Moon,8,Memory: Salt,Knock 1 / Moon 1 / Winter 1,Lesson: Sea Stories,2,Moon / Grail,2,Latin,,Curia,5%,"The mystic Garcia Sauri gives a picaresque account of the adventures of Franklin Bancroft, 'Prince of Wines', and Eva Dewulf, 'the Pale Lady', on their way to the hidden island of Noon."
To a Pale Lady,Moon,8,Memory: Salt,Knock 1 / Moon 1 / Winter 1,Lesson: Pearl & Tide,2,Rose / Moon,2,,,Curia,5%,A collection of Franklin Bancroft's letters to Eva Dewulf.
The Deaths of the Moon,Moon,8,Memory: Salt,Knock 1 / Moon 1 / Winter 1,Lesson: Snow Stories,2,Winter / Moon,3,Killasimi,,Baronial,5%,A Haustorial tract on various forms of survival after death.
Malachite Supplications,Moon,8,Memory: Impulse,Moth 2 / Nectar 1,Lesson: Tridesma Hiera,2,Moon / Grail,4,Greek,,Solar,10%,Prayers addressed to the Malachite by the Sisterhood of the Triple Knot.
Codex Acephali,Moon,10,Memory: Regret,Forge 1 / Winter 2,Lesson: Snow Stories,2,Winter / Moon,2,Latin,,Curia,5%,"Sometimes called 'The Book of the Clean Skull'. The book contains accounts of enlightenments available through the gradual, surgical removal of the lobes of the brain."
The Three and the Three (Kerisham Manuscript),Moon,10,Memory: Intuition,Moon 2 / Rose 2,Lesson: Edicts Inviolable,2,Heart / Moon,2,,,Curia,5%,"A more recent version of a much older text, this book describes the operations of the Chancel and the Calyptra, two triads of Hours with subtle, far-reaching powers and responsibilities. It has been heavily censored, but even so contains potent secrets."
The Queen's Turn,Moon,10,Memory: Salt,Knock 1 / Moon 1 / Winter 1,Lesson: Hill & Hollow,2,Moon / Scale,3,,,Baronial,5%,"A sixteenth-century translation of the Barrowchild's account of 'Lagiah's Turn' - when Lagiah, the Queen Unsated, was offered the opportunity to enter the service of the Hours of the Triple Knot, as long as she repudiated her brother-lover Antaios."
Observations on the Peacock Door,Moon,10,Memory: Contradiction,Edge 2 / Moon 1,Lesson: Sickle & Eclipse,2,Edge / Moon,4,Vak,,Solar,10%,"Ninegala of Lagash discusses the Peacock Door, the highest door available to mortals in the Mansus: 'a rent, an imperfection, an abrasion.'"
The Black Book of Brittany,Moon,12,Bittersweet Certainty,Lantern 1 / Winter 2,Lesson: Inks of Containment,2,Winter / Moon,4,,,Solar,10%,"A volume of ink-lore gifted to St Brandan's by Brian of Brittany, who was made Earl of Cornwall after the Norman Conquest."
The Three and the Three (Vatican Manuscript),Moon,14,Memory: Intuition,Moon 2 / Rose 2,Lesson: Edicts Inviolable,2,Heart / Moon,4,,,Solar,10%,"A Church-authorised version of an older text, this book describes the Chancel and the Calyptra, two triads of Hours with subtle, far-reaching powers and responsibilities. It has clearly been reworked to fit Church doctrine."
The Secret Colours,Moon,14,Memory: Revelation,Lantern 2,Lesson: Sickle & Eclipse,2,Edge / Moon,4,Greek,,Solar,10%,"Black Elie, disgraced Damascene Matriarch of the Sisterhood of the Triple Knot, wrote this while fleeing the 'agents of the Duty.'"
Enchiridion Tragularis,Moon,14,Memory: Intuition,Moon 2 / Rose 2,Lesson: Serpents & Venoms,2,Scale / Moon,5,Greek,,Dawn,20%,The poison-manual of the order of assassins called the Tragulari.
Nix Abolix,Moon,16,Memory: Fear,Edge 1 / Scale 2,Lesson: Wolf Stories,3,Moon / Scale,5,Fucine,,Dawn,20%,"A grim treatise on 'those feasts that occur, those feasts that are not to be witnessed.'"
The Voyages of Ferninshun of Oreol,Moon,18,Memory: Salt,Knock 1 / Moon 1 / Winter 1,Lesson: Sea Stories,3,Moon / Grail,5,Fucine,,Dawn,20%,The impossible travels of a sea-captain of the late Phoenician era. Suppressed throughout recorded history: those who read it were said to disappear.
The Three and the Three (St Chiavi Manuscript),Moon,18,Numen: Three Rules,Heart 5 / Moth 5 / Scale 5,Lesson: Edicts Inviolable,3,Heart / Moon,8,,,Unknown,0%,"This book describes the operations of the Chancel and the Calyptra, two triads of Hours with subtle, far-reaching powers and responsibilities. Of all the extant versions, this one has best survived the interventions of the Calyptra. [This book houses a <i>numen</i> - a truth so powerful it can perhaps believe itself.]"
The Six Letters on Necessity,Moth,4,Memory: Foresight,Forge 2 / Lantern 1,Lesson: Transformations & Liberations,1,Forge / Moth,2,,,Curia,5%,"Warnings and confessions about the cost of the secret arts, addressed to a student by the seventeenth-century magus (and reputed immortal) Julian Coseley"
Kitling Ripe and the Moldywarp's Grave (and Other Stories),Moth,6,Memory: Impulse,Moth 2 / Nectar 1,Lesson: Resurgences & Emergences,1,Moth / Grail,2,,,Curia,5%,A lusciously illustrated tome of loosely connected children's stories. Few of them are remotely suitable for children.
The Carbonek Schism,Moth,6,Memory: Hindsight,Scale 1 / Winter 2,Lesson: Sacra Limiae,1,Moth / Sky,3,Sabazine,,Baronial,5%,"The order of Obliviates, on the brink of schism, assembles in a Bounds-house identified only as 'Carbonek', after the Fisher-King's castle of legend. There the Know and the Long of the order debate their long policy of non-involvement in 'matters of Feather and Scale'."
On Matthias and the Amethyst Imago: Loss,Moth,6,Memory: A Stolen Secret,Knock 1 / Moon 2,Lesson: Solutions & Separations,1,Moth / Knock,5,Aramaic,,Dawn,20%,"An account of an occult romance. A certain Para, son of Aaron, claims to have written this in a single night as part of his initiation into the Damascene branch of the House of Lethe - that order of immortals who rejected their past and future."
The Shaven Lock Tantra,Moth,6,Memory: Impulse,Moth 2 / Nectar 1,Lesson: Rites of the Roots,1,Nectar / Moth,5,Sanskrit,,Dawn,20%,"Also known as 'The One Who Has Shaven His Hair'. This, the story goes, is the lore that even the shapechanging Vanaras rejected."
The Fire-Circle Tantra,Moth,8,Memory: Intuition,Moon 2 / Rose 2,Lesson: Solutions & Separations,2,Moth / Knock,2,Sanskrit,Scroll,Curia,5%,"The one known extant copy of this in Western Europe was stolen from the British Library in 1892. One Harvey Hattington confessed to the crime and claimed to have eaten it, with butter and garlic, in a moment of ungovernable whimsy."
The Rose of Hypatia,Moth,8,Memory: Solace,Heart 2 / Sky 1,Lesson: Weaving & Knotworking,2,Heart / Moth,4,Greek,,Solar,10%,"A volume of collected teachings of the Sisterhood of the Knot, that arcane-contemplative order that existed in all histories, but in some was very powerful indeed. This was recorded by 'Hypatia', and dedicated to St Nympha."
The Silver Book,Moth,8,Memory: Impulse,Moth 2 / Nectar 1,Lesson: Edicts Liminal,2,Moth / Knock,5,Fucine,,Dawn,20%,"A manual of the Ordo Limiae, an order of quasi-immortals who maintained a secret enclave at the source of the river Limia, in the Roman province of Hispania Gallaecia. This manual was compiled by one Burzghash, who explains that he came to join the Ordo from the 'city of messenger eagles' after he abandoned the service of the Ivory Dove."
From History to Eternity,Moth,10,Memory: Intuition,Moon 2 / Rose 2,Lesson: Inks of Revelation,2,Lantern / Moth,1,,,Nocturnal,2%,"A contraband manual of the Inks of Revelation. The author explains in a brief foreword that she is a high-ranking officer of 'an agency of the Duties' and that, though she supports its mission, she has concerns about the long-term consequences of its work."
The Debate of Seven Cups,Moth,10,Memory: Impulse,Moth 2 / Nectar 1,Lesson: Solutions & Separations,2,Moth / Knock,2,,,Curia,5%,Distillations of Spirit' recorded by an alchemist who identifies himself in the foreword as 'But Sir Thomas Browne's Reflexion.'
An Echo of Silence,Moth,10,Memory: Impulse,Moth 2 / Nectar 1,Lesson: Sacra Limiae,2,Moth / Sky,4,Sabazine,,Solar,10%,A very heterodox history of the House of Lethe as recorded by 'the Serenity' - a Lethean adept who declares that the House of Lethe was created explicitly to prevent the ascension of any more mortals to Name or Hour status.
Kopralith Omphalos,Moth,10,Numen: Weaving the World,Heart 5 / Moon 5 / Nectar 5,Lesson: Weaving & Knotworking,2,Heart / Moth,8,Killasimi,Tablet,Unknown,0%,"What is this? A tufted fossil of silken fibre, big as a child. [This object houses a <i>numen</i> - a truth so powerful it can perhaps believe itself.]"
The Geminiad iii,Moth,12,Beguiling Melody,Grail 2 / Sky 2,Lesson: Resurgences & Emergences,2,Moth / Grail,2,Fucine,,Curia,5%,"A fragile manuscript, illuminated with twinned shapes of sad and luminous beauty, and with all the phases of the moon. It might be as old as the seventh century, but the language - Fucine - is much older. Coral decorates its cover, and its page-edges are sharp enough to slash a throat."
The Serenity of the Black Wood,Moth,12,Confounding Parable,Moon 2 / Rose 2 / Sky 2,Lesson: Sacra Limiae,2,Moth / Sky,4,Greek,,Solar,10%,"An allegorical history of the House of Lethe, which it is here implied was inspired by the Centipede. 'Sereno Blackwood' is an occult alias to this day."
"Inaam, Kapigiginlupir, Garkie, Cryppys",Moth,14,Memory: Foresight,Forge 2 / Lantern 1,Lesson: Transformations & Liberations,2,Forge / Moth,2,Phrygian,,Curia,5%,"In which four enigmatic figures tell the stories they've heard over the years at the Roost, the secret location where the aviform Hours congregate."
The Book of Masks,Moth,14,Memory: Impulse,Moth 2 / Nectar 1,Lesson: Weaving & Knotworking,2,Heart / Moth,5,Phrygian,,Dawn,20%,"Athena Vana's work on the rogue Hour called the Vagabond, who is also known as the Laughingthrush, the Centipede, the Pilgrim, and by many other names - or as Vana has it, 'masks'."
Five Creations,Moth,14,Memory: Gossip,Grail 1 / Rose 2,Lesson: Resurgences & Emergences,2,Moth / Grail,5,Vak,,Dawn,20%,"The itinerant scholar Shohei debated five possible origins for humanity with a hooded figure since claimed to be the Beach-Crow. Shohei later claimed that all these accounts had proven false, but the debate was, nevertheless, recorded."
White Jade Tablet,Moth,14,Memory: Impulse,Moth 2 / Nectar 1,Lesson: Rites of the Roots,2,Nectar / Moth,5,Cracktrack,,Dawn,20%,Supposedly copied from a tablet of white jade which serves as the Covenant-stone of the Grove of the Green Immortals - the token which gives that Library shelter beneath the Watchman's Tree.
The Songs of the Carapace Cross,Moth,16,Memory: Pattern,Forge 1 / Knock 2,Lesson: Edicts Liminal,3,Moth / Knock,5,Fucine,,Dawn,20%,"Micah Xi, sometimes called the Magus of Quartz, etched this work in acid on stone. It has been reproduced many times in many languages since, but the reproductions are often lost to landslides."
Plantagenet Mysteries,Moth,21,Memory: Foresight,Forge 2 / Lantern 1,Lesson: Transformations & Liberations,3,Forge / Moth,2,Mandaic,Infinite,Unknown,0%,"Exhaustive attempts to analyse and renew the Blood of the Sun by one of the numerous occult societies, after the manner of the Endeavour Club, for whatever squalid political motive."
De Horis book 1,Nectar,4,Memory: Impulse,Moth 2 / Nectar 1,Lesson: Rites of the Roots,1,Nectar / Moth,3,Latin,,Baronial,5%,"An occasionally coherent catalogue of the secret gods, organised by hour. This is a reprint, but in the original Latin."
Three Flowers Hath the Tree,Nectar,4,Memory: Gossip,Grail 1 / Rose 2,Lesson: Leaves & Thorns,1,Nectar / Grail,3,,,Baronial,5%,"Ernestine Peterhans records her observations of the growths of trees and flowers around the Isle, and the omens and portents she attempts to draw from them - particularly the yew-tree in Earl Brian's Meadow, whose flowerings are sometimes eccentric."
Kitling Ripe's Tasty Treats,Nectar,4,Memory: Satisfaction,Grail 2 / Heart 1,Lesson: Spices & Savours,1,Nectar / Forge,3,,,Baronial,5%,"The Velvet is the Hour of secrets; and so very little is known of the - Moth-long? Nectar-long? - who ascend to immortality under her auspices. But this book (by 'Kitling's Friend') purports to be part cook-book, and part manual for immortality."
The Most Sorrowful End of the Lady Nonna,Nectar,4,Memory: Impulse,Moth 2 / Nectar 1,Lesson: Herbs & Infusions,1,Heart / Nectar,4,Henavek,,Solar,10%,"An unauthorised account of the death of Abbess Nonna, written by Eusebia, one of the two sisters accused of having murdered Nonna through 'poisoning and Arts unsanctioned.' Eusebia, awaiting execution, intends to hide this account in her cell..."
Honey: the Comprehensive Guide,Nectar,6,Memory: Contradiction,Edge 2 / Moon 1,Lesson: Insects & Nectars,1,Nectar / Moon,1,,,Nocturnal,2%,"Harvey Hattington - pilot, polymath, confectioner - writes with great enthusiasm about the 'marvellous work of the Bee'."
The Shadow in the Stair,Nectar,6,Memory: Impulse,Moth 2 / Nectar 1,Lesson: Coil & Chasm,1,Scale / Nectar,3,,,Baronial,5%,"Ernestine Peterhans records her conversations with the 'little darkness' in Hush House's Stair Tenebrous, which she calls 'Donkerling'."
Fekri's Herbary,Nectar,6,Memory: Satisfaction,Grail 2 / Heart 1,Lesson: Herbs & Infusions,1,Heart / Nectar,3,Aramaic,,Baronial,5%,"The early wisdom of Ehsan Fekri, at that point a travelling healer, much later the Secretary Salvant of the Curia of the Isle."
The Berrybook,Nectar,8,Memory: Satisfaction,Grail 2 / Heart 1,Lesson: Leaves & Thorns,2,Nectar / Grail,2,Killasimi,,Curia,5%,"Thirza Blake, seventh librarian of Hush House, talks about fruit. For no other apparent reason but that it was the kind of thing she did, she talks about fruit in the woven language Killasimi."
De Ratio Quercuum,Nectar,8,Earth-Sign,Nectar 2 / Scale 2,Lesson: Rites of the Roots,2,Nectar / Moth,2,Latin,,Curia,5%,"In English the title translates roughly as 'the Account of the Oaks'; but this is Nathaniel Darcy-Evers' fascinating, if haphazard, survey of the occult properties of every tree he can find, not just oaks."
The Bee-Keeper's Ends,Nectar,8,Memory: Impulse,Moth 2 / Nectar 1,Lesson: Insects & Nectars,2,Nectar / Moon,3,,,Curia,5%,"Dialogues with bees and uses for honey, as erratically recorded by Ricardo Milagro, gardener of Hush House in Musgrave's time."
Green Jasper Tablet,Nectar,10,Memory: Impulse,Moth 2 / Nectar 1,Lesson: Rites of the Roots,2,Nectar / Moth,5,Cracktrack,,Dawn,20%,Supposedly copied from a tablet of green jasper which serves as the Covenant-stone of the Monastery of the Fifth Cup - the token which gives that Library shelter beneath the Watchman's Tree.
The Writing on the Wall,Nectar,10,Numen: an Irresistible Feast,Edge 5 / Grail 5 / Nectar 5,Lesson: Spices & Savours,2,Nectar / Forge,8,Vak,Thing,Unknown,0%,"The most delicious traditions of the Carapace Cross, as recorded on the walls of the Mansus and transcribed into a book of ninety-nine pages by one known only as 'cc'. Although this book does not exist, it is read to a sleeper under certain very specific circumstances - and certain fragments jotted down on waking. [This 'book' houses a <i>numen</i> - a truth so powerful it can perhaps believe itself.]"
Serpent-Root,Nectar,10,Numen: Loopholes,Knock 5 / Moon 5 / Moth 5,Lesson: Rites of the Roots,2,Nectar / Moth,8,Cracktrack,Tablet,Unknown,0%,"A mass of root-stock, shiny with age but still somehow viable. Tiny spidery scratchings, marked with embedded egg-shell shards, encode a cryptic message. [This object houses a <i>numen</i> - a truth so powerful it can perhaps believe itself.]"
Cucurbit Prisoner Records 1927,Nectar,12,Memory: Impulse,Moth 2 / Nectar 1,Lesson: Insects & Nectars,2,Nectar / Moon,1,,,Nocturnal,2%,"Accounts by Governor Collers' private secretary of interventions and experiments in the last years of the Cucurbit prison, focusing particularly on prisoners he believes might have Carapace Cross lineage."
Just Verse,Rose,6,Memory: Pattern,Forge 1 / Knock 2,Lesson: Preliminal Meter,1,Knock / Rose,1,,,Nocturnal,2%,"A rare surviving copy of Christopher Illopoly's notoriously unsuccessful volume of experimental poetry, published in 1912."
The Book of the Centipede,Rose,6,Memory: Intuition,Moon 2 / Rose 2,Lesson: Sand Stories,1,Rose / Moon,2,Greek,,Curia,5%,"In the mid 1860s one 'Madam Yi' presented an entertainment based, she claimed, on this book."
Letters from a Fugitive,Rose,6,Confounding Parable,Moon 2 / Rose 2 / Sky 2,Lesson: Path & Pilgrim,1,Rose / Scale,3,Phrygian,,Baronial,5%,"Lars Westergren, explorer and murderer, spent seven years escaping justice through his knowledge of byways and shortcuts in the Bounds. Throughout that time he wrote regularly to his daughter, possibly in part to taunt his pursuers."
The Concursum Diaries,Rose,8,Memory: Intuition,Moon 2 / Rose 2,Lesson: Path & Pilgrim,2,Rose / Scale,5,Phrygian,,Dawn,20%,"The diaries of the explorer and murderer Lars Westergren. He's unhelpfully translated them into Phrygian, for privacy."
The Radical Measure,Rose,10,Memory: Pattern,Forge 1 / Knock 2,Lesson: Preliminal Meter,2,Knock / Rose,2,,,Curia,5%,"Manifesto for experimental and dangerous-sounding invocatory poetry, written some time in the nineteenth century by Dr Arun Peel. A notoriously inconsistent and incoherent text, apparently produced in a tearing hurry."
Book of Miah,Rose,10,Memory: Intuition,Moon 2 / Rose 2,Lesson: Sand Stories,2,Rose / Moon,5,Hyksos,,Dawn,20%,An account of the 'five visits of the Desert Wanderer' - probably the Hour called the Vagabond - to the city Miah. She begins as a delighted child - perhaps even a mortal - but things then go badly�
The Turquoise Hand,Rose,10,Numen: That Old Lost Music,Rose 5 / Scale 5 / Sky 5,Lesson: Pentiments & Precursors,2,Scale / Grail,8,Ramsund,,Unknown,0%,A calligraphic manual of Ramsund which employs as exemplar-text Farid ud-Din's 'Conference of the Birds'. [This book houses a <i>numen</i> - a truth so powerful it can perhaps believe itself.]
The Radical Measure (Glossed),Rose,12,Memory: Pattern,Forge 1 / Knock 2,Lesson: Preliminal Meter,2,Knock / Rose,1,,,Curia,5%,"The original 'Radical Measures' was a manifesto for experimental poetry with occult properties, written in the nineteenth century by Dr Arun Peel. The original is notoriously incoherent - much later, Christopher Illopoly took on the task of editing and glossing it. He has taken some liberties, but the updated version is generally well regarded."
The Red Book of Brittany,Rose,12,Memory: Satisfaction,Grail 2 / Heart 1,Lesson: Inks of Power,2,Rose / Scale,4,,,Solar,10%,"A volume of ink-lore gifted to St Brandan's by Brian of Brittany, who was made Earl of Cornwall after the Norman Conquest."
A Novel Method for Invocation & Contrition,Rose,14,Confounding Parable,Moon 2 / Rose 2 / Sky 2,Lesson: Preliminal Meter,2,Knock / Rose,2,Ericapaean,,Curia,5%,"Ingenious and rather beautiful techniques for entreating the Names of the Hours, developed by Rory Morrow, who styled himself 'the Sage-Knight'."
The History of Inks,Rose,14,Memory: Intuition,Moon 2 / Rose 2,Lesson: Inks of Power,2,Rose / Scale,4,,,Solar,10%,"A legendary grimoire of exotic ink-making lore. The cover and some of the pages, unfortunately are stained and crusted with something more like mucus than ink."
Isaac of Karth's History of the Shadowless Kings,Rose,14,Confounding Parable,Moon 2 / Rose 2 / Sky 2,Lesson: Sand Stories,2,Rose / Moon,5,Aramaic,,Dawn,20%,"A True and Accurate History of the Shadowless Kings, by Isaac of Karth.' Isaac describes the thousand-year ascendancy of the Shadowless Empire."
Where Has She Gone?,Rose,16,Memory: Intuition,Moon 2 / Rose 2,Lesson: Sand Stories,3,Rose / Moon,5,Vak,,Dawn,20%,"The Speeth' - perhaps a single adept, perhaps a council of scholars - hypothesises secret events from limited evidence with persuasive accuracy."
A Tower Rises,Rose,18,Confounding Parable,Moon 2 / Rose 2 / Sky 2,Lesson: Preliminal Meter,3,Knock / Rose,1,Vak,Record,Nocturnal,2%,"The phonograph is packaged in glossy card the bright pink of a dog-rose, with the words A TOWER RISES in nine languages on both sides. There is no other identifying information at all."
The Queens of the Rivers,Scale,4,Memory: Gossip,Grail 1 / Rose 2,Lesson: Path & Pilgrim,1,Rose / Scale,1,,,Nocturnal,2%,"A surreal contemporary play by the enigmatic Monica Medina, in which the Queens of the Rivers are murdered, one by one."
Recordings from the Althiban Abyss,Scale,4,Memory: Fear,Edge 1 / Scale 2,Lesson: Stone Stories,1,Scale / Nectar,1,Mandaic,Record,Nocturnal,2%,Recordings from a subterranean space in the mountains near Baghdad of 'conversations' between the entomologist Juliana Zawistowski and an unidentified presence.
Stolen Histories,Scale,4,Memory: Fear,Edge 1 / Scale 2,Lesson: Coil & Chasm,1,Scale / Nectar,3,,,Baronial,5%,"The agitator and pamphleteer Alexander Sparrow inveighs against the 'monstrous Serpents, Thieves of History.'"
One Hundred And Eight,Scale,4,Confounding Parable,Moon 2 / Rose 2 / Sky 2,Lesson: Pentiments & Precursors,1,Scale / Grail,3,,,Baronial,5%,"Eva Dewulf discurses on the Fifth History, and particularly on those who are said to have 'passed over' from it - the Great Hooded Princes, the Knock-long who ascended under the Mother of Ants but now (so Eva claims) honour the Horned-Axe."
Key of Night,Scale,6,Memory: Fear,Edge 1 / Scale 2,Lesson: Pentiments & Precursors,1,Scale / Grail,1,,,Curia,5%,"The deliberations leading to a manifesto of the 'Worms of a Scale', as recorded around 1900 in the Bar Vienna, in the cellar of the Hotel Ciervo in Noon."
Singlefoot Songs,Scale,6,Savage Hymn,Scale 2 / Sky 2,Lesson: Hill & Hollow,1,Moon / Scale,1,,,Nocturnal,2%,"Father Stanislav John Schaller, priest and diplomat, writes of his time on the slopes of Huashan - 'near to the Grove of the Green Immortals, but never too near.'"
The Encircling Tantra,Scale,6,Memory: Fear,Edge 1 / Scale 2,Lesson: Horns & Ivories,1,Scale / Knock,2,Sanskrit,,Curia,5%,The explorer and entrepreneur T. Everett Duplantis once attempted to plunder the temple where this text was held. His fate is recorded in an appendix.
The Republic of Teeth,Scale,6,Memory: Intuition,Moon 2 / Rose 2,Lesson: Serpents & Venoms,1,Scale / Moon,3,,,Baronial,5%,An eccentric political tract by Valentine Dewulf.
The Tantra of Worms,Scale,8,Memory: Fear,Edge 1 / Scale 2,Lesson: Coil & Chasm,2,Scale / Nectar,1,Sanskrit,,Nocturnal,2%,The entomologist Juliana Zawistowski eventually came to insist that this text was written by insects inhabiting a human skin. She never presented evidence for her claim. There are diagrams. The diagrams are not good to look upon.
Hunting Journals of Bryan Dewulf,Scale,8,Memory: Fear,Edge 1 / Scale 2,Lesson: Furs & Feathers,2,Sky / Scale,2,,,Curia,5%,"Bryan Dewulf, the son of the 3rd Baron Brancrug, gives advice on hunting in the Bounds."
It Is Written,Scale,8,Confounding Parable,Moon 2 / Rose 2 / Sky 2,Lesson: Inks of Power,2,Rose / Scale,3,,,Baronial,5%,"Musgrave, fourth of the Dewulf line, writes tentatively about the 'Covenant of Brancrug' and the legacy of the sacred inks he calls 'encausta potentialia'."
Ascite Supplications,Scale,8,Memory: Impulse,Moth 2 / Nectar 1,Lesson: Stone Stories,2,Scale / Nectar,4,Greek,,Solar,10%,Prayers addressed to the Horned-Axe by the Sisterhood of the Triple Knot.
The Hissing Key,Scale,8,Memory: Hindsight,Scale 1 / Winter 2,Lesson: Serpents & Venoms,2,Scale / Moon,5,Greek,,Curia,5%,"An account of the ascent of the Hour called the Mother of Ants, by the Bosk-scholar Mek, of the Theban branch of the House of Lethe."
Ud Rocashaas,Scale,10,Memory: Impulse,Moth 2 / Nectar 1,Lesson: Stone Stories,2,Scale / Nectar,4,Henavek,,Solar,10%,An anonymous confessional account of unsanctioned activities by the nuns of St Brandan's. The title is a Henavek phrase that might be translated as 'the spirit flees the shadowed places.'
Cucurbit Prisoner Records 1928,Scale,12,Memory: Salt,Knock 1 / Moon 1 / Winter 1,Lesson: Hill & Hollow,2,Moon / Scale,1,,,Nocturnal,2%,"Accounts by Governor Collers' private secretary of interventions and experiments in the last years of the Cucurbit prison, focusing particularly on the 'hill-children', wild Wood-things that have found a shape in the physical world."
Medusa's Lament,Scale,14,Memory: Fear,Edge 1 / Scale 2,Lesson: Horns & Ivories,2,Scale / Knock,4,Greek,,Solar,10%,"On the death of the Hour called Seven-Coils, 'the Father of the Mother'."
Echidnalia,Scale,21,Memory: Impulse,Moth 2 / Nectar 1,Lesson: Stone Stories,3,Scale / Nectar,2,Cracktrack,Infinite,Curia,5%,"Part genealogy, part taxonomy, part family gossip - a closely detailed, highly specialised account of one branch of the complex brood of children associated with the Ligeian Echidna."
The Locksmith's Dream: Stolen Reflections,Sky,4,Memory: Revelation,Lantern 2,Lesson: Watchman's Paradoxes,1,Lantern / Sky,1,,,Nocturnal,2%,"The fourth volume of Teresa Galmier's expansive work - no longer a discussion of the dreams of artisans, but a valuable survey of other works. The tone is calmer than that of 'Trespasses', but occasionally fearful, even paranoid. This volume was published in 1926 but almost immediately recalled and pulped by the publisher - at the request of the author or possibly the authorities, depending which story you believe. A few copies survive."
The Locksmith's Dream: Portions and Proportions,Sky,4,Confounding Parable,Moon 2 / Rose 2 / Sky 2,Lesson: Lockworks & Clockworks,1,Knock / Sky,1,,,Nocturnal,2%,The second volume of Teresa Galmier's examination of parallels in the mystic dreams of artisans. The frontispiece has been slashed with a razor.
Perugian Diaries,Sky,4,Cheerful Ditty,Heart 2 / Sky 1,Lesson: Strings & Songs,1,Sky / Heart,1,,,Nocturnal,2%,"In 1907, at the age of eighteen, Christopher Illopoly left Strathcoyne's household to study theology at the University of Perugia in Italy, enrolling under the name 'Christopher Strathcoyne'."
The Humours of a Gentleman,Sky,4,Memory: Gossip,Grail 1 / Rose 2,Lesson: Sky Stories,1,Sky / Rose,3,,,Baronial,5%,"Samuel Savage's satirical comedy, on the intrigues of the ailing, but cunning John Sonne, his mistress Maevelin, her lover Leo, and the upstart Corvino."
Journal of Thomas Dewulf,Sky,4,Memory: Salt,Knock 1 / Moon 1 / Winter 1,Lesson: Ouranoscopy,1,Sky / Moon,3,,,Baronial,5%,"Thomas Dewulf, 2nd Baron Brancrug, was nicknamed 'Baron Silence of Castle Silence' for his taciturn severity - most likely the origin, eventually, of the name 'Hush House'."
Seven Faces of Icarus,Sky,4,Memory: Fear,Edge 1 / Scale 2,Lesson: Furs & Feathers,1,Sky / Scale,3,,,Baronial,5%,"In the early 1530s, the last Abbot of St Brandan's, called 'Roaring Richard', set down his conversations with the illiterate local cunning-man, Red William."
"Travelling at Night, vol 2",Sky,6,Memory: Solace,Heart 2 / Sky 1,Lesson: Sights & Sensations,1,Sky / Winter,1,,,Nocturnal,2%,"The annotated dream-journals of Christopher Illopoly, sometimes called 'the only readable occultist': literate, entertaining, bewildering."
Against the Sisterhood of the Knot and the Foulness of their Depraved Customs,Sky,6,Memory: Intuition,Moon 2 / Rose 2,Lesson: Sky Stories,1,Sky / Rose,2,Greek,,Curia,5%,Hieronymus Pseudo-Hypnerotomachus wrote this furious screed about the sinister influence of the Sisterhood of the Knot on his own Church of the Unconquered Sun.
The Fallen Cross,Sky,6,Memory: Regret,Forge 1 / Winter 2,Lesson: Ouranoscopy,1,Sky / Moon,3,,,Baronial,5%,"In which Julian Coseley, magus, immortal, occasional anarchist, argues that through language the Carapace Cross decayed to seed the lives of our ancestors."
On What is Contained By Silver,Sky,6,Memory: Pattern,Forge 1 / Knock 2,Lesson: Glassblowing & Vesselcrafting,1,Knock / Sky,3,Greek,,Baronial,5%,A dire bestiary of the horrors to be found in mirrors. This is a recent edition of a third century text by 'Poemander'.
A True History of Valentine Dewulf,Sky,6,Memory: Fear,Edge 1 / Scale 2,Lesson: Furs & Feathers,1,Sky / Scale,3,,,Baronial,5%,"Written in the third person by Valentine Dewulf. Rarely coherent, though it includes some useful footnotes on falconry and on exotic veterinary medicine."
On Resonance,Sky,6,Memory: Foresight,Forge 2 / Lantern 1,Lesson: Bells & Brazieries,1,Forge / Sky,3,,,Baronial,5%,Experiments in ithastry by the 'sky-smith' Everett Vinzant.
Eva's Treasury,Sky,6,Memory: Foresight,Forge 2 / Lantern 1,Lesson: Anbary & Lapidary,1,Sky / Forge,3,,,Baronial,5%,"Eva Dewulf, last of the Brancrugs, discusses the occult and aesthetic properties of jewels and other precious minerals."
Against Vitruvius,Sky,6,Memory: Pattern,Forge 1 / Knock 2,Lesson: Lockworks & Clockworks,1,Knock / Sky,4,,,Solar,10%,"A fourteenth-century treatise on esoteric mechanics and parahydraulics by Abbot Ranulph, best known now as a mason-architect."
A Seventh Voice,Sky,8,Confounding Parable,Moon 2 / Rose 2 / Sky 2,Lesson: Preliminal Meter,2,Knock / Rose,3,,,Baronial,5%,Samuel Savage's cycle of comic poems about a band of players who double as footpads seeking a seventh member.
Damascene Traditions of the House of Lethe,Sky,8,Memory: Impulse,Moth 2 / Nectar 1,Lesson: Sacra Limiae,2,Moth / Sky,4,,,Solar,10%,"The House of Lethe was an order of immortals who sought obscurity, rejecting their past and future. If the author of this short text is to be believed, the initiates of the Damascene branch were much more radical than their fellows elsewhere."
Opening the Sky,Sky,10,Cheerful Ditty,Heart 2 / Sky 1,Lesson: Strings & Songs,2,Sky / Heart,1,,Record,Nocturnal,2%,"An unusual recording of Verro's 'Opening the Sky', composed for the coronation of the New King, Henry IX. The record bears the Suppression stamp EXPUNGE."
De motu corporum vetitorum,Sky,10,Memory: Storm,Heart 2 / Sky 2,Lesson: Ouranoscopy,2,Sky / Moon,2,,,Curia,5%,"The author rejoices in the name of 'Abelard Hubris', and the title might be translated as 'On the Forbidden Motions of Bodies' - evidently a reference to Newton's 'De Motu Corporem', published some twenty years previously."
Sunset Celia and the End of Days,Sky,10,Memory: Foresight,Forge 2 / Lantern 1,Lesson: Sacra Limiae,2,Moth / Sky,2,,,Curia,5%,"An Obliviate adept identified only as 'the Emiliano' rants desperately about the part Sunset Celia played in the Intercalate, as 'the proxy of the Sun'."
The Other Eye of the Serpent,Sky,10,Memory: Pattern,Forge 1 / Knock 2,Lesson: Anbary & Lapidary,2,Sky / Forge,4,,,Solar,10%,In which the heresiarch Cygnifer attempts to resolve certain mysteries of Lightning.
Shuritic Book of Suns,Sky,10,Numen: the Great Counterfeit,Lantern 5 / Moon 5 / Nectar 5,Lesson: Sacra Solis Invicti,2,Lantern / Sky,8,Mandaic,Scroll,Unknown,0%,"A radically different text from any of the other versions of the Book of Suns, attributed to Hagar, Queen of Shur, Mother of Wolves. [This book houses a <i>numen</i> - a truth so powerful it can perhaps believe itself.]"
The Invisible Opera (Unfinished Recording),Sky,12,Cheerful Ditty,Heart 2 / Sky 1,Lesson: Strings & Songs,2,Sky / Heart,1,,Record,Nocturnal,2%,"A recording of a 1911 attempt at a performance of 'Wings within Wings', the so-called Invisible Opera."
The Mirror of Melancthe,Sky,12,Memory: Solace,Heart 2 / Sky 1,Lesson: Sights & Sensations,2,Sky / Winter,4,,,Solar,10%,"The day-book and dream-journal of Abbess Melancthe, venerated as a saint and respected as an alchemist."
The Lion and the Glass,Sky,12,Memory: Revelation,Lantern 2,Lesson: Glaziery & Lightsmithing,2,Lantern / Sky,5,Mandaic,,Dawn,20%,"An early work by Omar the Blaze, a novice or apprentice at the Labyrinth of Lions."
Each Flame His Fuel,Sky,14,Memory: Revelation,Lantern 2,Lesson: Glaziery & Lightsmithing,2,Lantern / Sky,5,Mandaic,,Dawn,20%,"A work by Omar, the Blaze, an initiate or craftsmaster at the Labyrinth of Lions."
The Book of the White Cat,Sky,16,Memory: Revelation,Lantern 2,Lesson: Watchman's Paradoxes,3,Lantern / Sky,5,Phrygian,,Dawn,20%,Stories brought by a blind white cat to Penelope of Gordion.
The Focus of Amber,Sky,16,Memory: Revelation,Lantern 2,Lesson: Glaziery & Lightsmithing,3,Lantern / Sky,5,Mandaic,,Dawn,20%,"Omar, the Blaze, spent seven years manning a lighthouse in Tyre, in atonement for the extinguishing of a sacred flame. By the end of his stint, he was so terrified of fire that he could not stand to share a room with a candle. This work was written in partial penance."
The Origins of Hours,Sky,16,Confounding Parable,Moon 2 / Rose 2 / Sky 2,Lesson: Sacra Limiae,3,Moth / Sky,5,Vak,,Dawn,20%,"The sage and ecstatic Soham, a frequent visitor to the Mansus, claimed to have discoursed with the Beachcrow in person. Soham later insisted on a sky-burial."
In The Mountains As Upon The Plain There May Not Be A Path Where None Has Passed,Sky,18,Memory: Gossip,Grail 1 / Rose 2,Lesson: Sky Stories,3,Sky / Rose,5,Vak,,Dawn,20%,Ninegala of Lagash describes the secrets to be found in mountains.
An Introduction to Histories,Winter,4,Memory: Hindsight,Scale 1 / Winter 2,Lesson: Snow Stories,1,Winter / Moon,3,,,Baronial,5%,The seventeenth-century mystic and antiquarian Claude Hersault describes divergent incidents in five major Histories.
Lady Eva's Repose,Winter,4,Memory: Regret,Forge 1 / Winter 2,Lesson: Rhyme & Remembrance,1,Winter / Moon,3,,,Baronial,5%,"A 'meditation' on the drowning of Lady Eva Dewulf and her two grandchildren, written in the years when the estate was abandoned by Father Theo, once the Dewulf family chaplain, one of the few to remain on the Isle in those desolate years."
Annals of St Brandans,Winter,4,Memory: Regret,Forge 1 / Winter 2,Lesson: Inks of Containment,1,Winter / Moon,4,Latin,,Solar,10%,"Over a hundred years of the abbey's annals, from 1230 to 1350."
The Five Letters On Memory,Winter,6,Memory: Regret,Forge 1 / Winter 2,Lesson: Rhyme & Remembrance,1,Winter / Moon,2,,,Curia,5%,"Julian Coseley's epistolary treatise on 'matters memorial and mnemonic', addressed to his then-friend Claude Hersault, the mystic and antiquarian."
On the White,Winter,6,Memory: Regret,Forge 1 / Winter 2,Lesson: Quenchings & Quellings,1,Winter / Heart,2,,,Curia,5%,"Solomon Husher writes, perhaps allegorically, of Winter, and its long slow doomed romance with the Sun. The epigraph is 'Sunset at Noon'."
Oblations in Iron,Winter,6,Memory: Hindsight,Scale 1 / Winter 2,Lesson: Inks of Containment,1,Winter / Moon,2,,,Curia,5%,"A Monster-hunting initiate of the Hour named the Colonel, who identifies herself as 'Little Sophia', records the exhibits she has rendered to the Worm Museum in the Mansus."
Chione at Abydos,Winter,6,Memory: Regret,Forge 1 / Winter 2,Lesson: Snow Stories,1,Winter / Moon,3,,,Baronial,5%,"A play dealing with the nine-year sojourn of a snow-goddess in the Thracian city of Abydos, by 'Apollo Fireweaver'. In English, published in 1892; purportedly from an older Greek text."
Those Indignities Perpetrated By the Deceitful Fraternity of Obliviates,Winter,6,Memory: Contradiction,Edge 2 / Moon 1,Lesson: Ragged Crossroads,1,Edge / Winter,3,Latin,,Baronial,5%,"It's not clear whether 'C.R.O.D', who is identified only by his initials, was in fact an initiate of the Obliviate order of immortal adepts. He wrote in the sixteenth century, after the order - if he is to be believed - had passed the height of its power."
Musgrave's Sketches,Winter,8,Bittersweet Certainty,Lantern 1 / Winter 2,Lesson: Sights & Sensations,2,Sky / Winter,2,,,Curia,5%,"Musgrave, 4th Baron Brancrug, was widely mocked as 'the Bleating Baron' and 'the Lamb Dewulf', but these sketches reveal a complex, sombre inner life."
Exercises in the Continuity of Self,Winter,8,Memory: Hindsight,Scale 1 / Winter 2,Lesson: Rhyme & Remembrance,2,Winter / Moon,2,,,Curia,5%,Techniques proposed by the Haustorium - the most inaccessible and upsetting of the libraries of the Watchman's Tree - for 'the persistence of memory after the body is discarded'.
Operations of a Certain Finality,Winter,8,Memory: Hindsight,Scale 1 / Winter 2,Lesson: Putrefactions & Calcinations,2,Winter / Moon,2,,,Curia,5%,"Subtitled 'The Hammer's Sundering'. The work of an anonymous adept who violently despised the Invisible Serapeum, the library of the Watchman's Tree in Alexandria."
Ettery After,Winter,8,Memory: Hindsight,Scale 1 / Winter 2,Lesson: Inks of Containment,2,Winter / Moon,3,,,Baronial,5%,"An anonymous erotic novel occasionally claimed to have been written by Eva Dewulf, although at least two duels were fought in her honour to avenge this slander."
The Ivory Book,Winter,8,Memory: Regret,Forge 1 / Winter 2,Lesson: Quenchings & Quellings,2,Winter / Heart,5,Fucine,,Dawn,20%,"A manual of the Ordo Limiae, an order of quasi-immortals who maintained a secret enclave at the source of the river Limia, in the Roman province of Hispania Gallaecia. This manual was compiled by one Kurenai, who claims to have fled 'the tyranny of the Chrysanthemum Throne' to cross the world and join the Ordo."
The Barrowchild's Elegies,Winter,10,Memory: Regret,Forge 1 / Winter 2,Lesson: Rhyme & Remembrance,2,Winter / Moon,3,Latin,,Baronial,5%,"The Barrowchild, a Gaulish adept who won a place in the ranks of the Ordo Limiae, enumerates the 'great shadows' laid to rest in tombs of power, and discusses their various conditions."
The World Does Not Weep,Winter,10,Memory: Hindsight,Scale 1 / Winter 2,Lesson: Putrefactions & Calcinations,2,Winter / Moon,4,Aramaic,,Solar,10%,Brown' Joshua found this in a well in Hamath. There's an unlikely story that it was abandoned by Alexander during his retreat from Issus.
The White Book of Brittany,Winter,10,Memory: Hindsight,Scale 1 / Winter 2,Lesson: Ragged Crossroads,2,Edge / Winter,4,,,Solar,10%,"A volume of death-lore gifted to St Brandan's by Brian of Brittany, who was made Earl of Cornwall after the Norman Conquest."
"Nyn's Cages (Bruges Text, Illuminated)",Winter,10,Memory: Hindsight,Scale 1 / Winter 2,Lesson: Quenchings & Quellings,2,Winter / Heart,4,Ericapaean,,Solar,10%,"The 'merciful measures' of the witch Nyn. This is only a partial version of the original, but it contains illustrations by Nyn's pupil, Mabelie of Bruges, which supplement the original."
Towards a Fundamental Aesthetic: Second Edition,Winter,10,Numen: a Final Understanding,Rose 5 / Sky 5 / Winter 5,Lesson: Sights & Sensations,2,Sky / Winter,8,Ericapaean,,Unknown,0%,"Or, 'The Refinements of Light'. Julian Coseley had never wanted or expected to write a second edition of his masterwork... [This book houses a <i>numen</i> - a truth so powerful it can perhaps believe itself.]"
A Second Glory,Winter,12,Memory: Hindsight,Scale 1 / Winter 2,Lesson: Snow Stories,2,Winter / Moon,4,Mandaic,,Solar,10%,"The priest Juceh celebrates the extirpation of the Gods-who-were-stone, those Hours who preceded humanity."
In Memory of Gods,Winter,12,Memory: Hindsight,Scale 1 / Winter 2,Lesson: Ragged Crossroads,2,Edge / Winter,5,Fucine,,Dawn,20%,"The 'Barrowchild', a nameless Gaulish adept who joined an organisation identified as the Ordo Limiae, writes regretfully of the destruction of the gods-who-were-stone - the Hours who preceded humanity."
The Scar in the Sky,Winter,14,Memory: Regret,Forge 1 / Winter 2,Lesson: Quenchings & Quellings,2,Winter / Heart,5,Fucine,,Dawn,20%,"Nyn wrote this, and came to regret it."
Naenian Sketches,Winter,21,Memory: Hindsight,Scale 1 / Winter 2,Lesson: Sights & Sensations,3,Sky / Winter,1,Sabazine,Infinite,Nocturnal,2%,"Travelogues and studies exchanged by raggies and ghouls - that is, the Long who've ascended under the patronage of the Sun-in-Rags and those who won the attention of the Elegiast."